id,name
766234af-7c9a-4c01-a897-061576b039a0,Deanna Torres
daa61613-0428-4539-8e2e-9931d27e7569,Susan Stephens
daa6d93e-145f-4f21-89e6-86f4cec4e510,Bethany Baker
0999fc72-6def-4ad5-a78d-454548ba232f,Taylor Summers
f08ffedb-429e-4a6a-993a-ee71970f2ee4,Matthew Dawson
553f2e29-0190-4519-b24c-7749b181ac14,Casey Barnes
4ccd5aeb-b00e-42f6-9569-f9e5c1dbe021,Erika Phelps
9b3ea01e-cc70-4c7b-8586-1cd38a5fbf0b,Emily Brown
605a1fd1-bcad-4ca6-8c53-b6c6c7a78d28,Brian Johnson
030001b0-bef6-460f-a408-9502ad32d047,John Price
3b080e2c-4fe7-4aeb-8d6e-ebd7f86adf5d,Tracy Gibbs
62b67155-1f2c-42aa-964d-c060aebb4c26,David Hanson
6e6b99b9-1674-4784-9120-b46488ae94af,Brittany Daniels
2cda7ef5-809e-4c70-ac0a-0a137a802644,Tyrone Ryan
a7e7d664-38f1-4b17-a0f7-23ce4e6fa45b,Cody Gonzalez
eb684c24-63b3-444a-af04-907a60212b6b,Alex Rosales
1f7fa9cd-3fcc-41b8-afe6-62d8db16754b,Stephen Archer
e7517fd6-bdbb-4c26-b76d-b0bb7f2ac614,Jodi Mitchell
f2735635-8839-460a-b719-f57f14842831,Scott Thompson
7c06a3bb-55c4-4574-9110-43870fdb0999,Heather Gomez MD
efe8fdd0-93ab-450c-9b78-e3504e0ae887,Jamie Hughes
6b79d79e-ca94-44d0-a6fc-784092e11044,Blake Matthews
be1884c0-ce61-4062-a97a-97ef8254d4a7,Stephanie Williams
070fa070-ad0e-4cf6-99a2-53e845994f6d,Kerri Wilson
4edfb982-b8a0-4098-9743-ce3292910f48,Alicia Webster
3f4b73fc-f7bb-445f-ac7a-a6a97269434b,Troy Henry
9da95600-b5f7-430d-820e-1c9db51b62d9,Martha Pineda DDS
f714323d-eac5-4fa7-8225-1c0af07b1015,Brandon Hill
f46e675b-5a77-4233-8717-346b417edd21,Allen Nolan
3678f604-cd90-479d-ba8b-f829e5f92685,Derek Cox
1b82a95a-c4ed-4b54-b811-1a58e37a17e4,Dillon Flores
e0842c08-3b57-4977-b500-5957ee1236f8,Angela James
ef61ec64-a079-4307-9afd-c17f4b03bd36,Teresa Evans
e33aabb5-44cb-46f6-a233-c3c12b006847,Brian Church
f9b0c6e2-8280-48ae-a4c9-47b6966ae59f,Jessica Lewis
e8ed592f-06dd-417e-9804-feeaf7763b92,Denise Anderson
3eb74bfe-7bd2-4c6f-b1c4-4e3feb24e07e,Misty Reed
88286553-e83c-4f5f-9a80-746548c1ce8e,Ernest Bowers
577b768e-d199-4eeb-8d30-8360cac6fb49,Holly Lee
939e08bb-a063-4b37-b62f-f4798c7265cf,Mark Taylor
95e5433e-8715-408d-8458-18522b9eae39,Dillon Jennings
96871a64-46f8-4bb7-a2df-49ec2ebbc0fb,Frederick Wiggins
7aaa17be-ed78-484b-ab14-6dc2f076709e,Diane Marshall
19972d2a-0d9f-4c4d-9e35-f901a2a02b41,Lawrence Brown
2eb9f69d-93a9-4cfa-95ae-d1258ab4e4c8,Emily Anderson
f54900d2-72ee-4aa0-97bd-081741530914,Maria Cherry
456dcb69-8e04-4af8-ab50-5cfcc0789db8,Chad Jackson
f8d2d758-3fd6-476d-a75e-44b079c37602,Karen Garza
03912f07-6c4d-4f52-a277-94880684d0e9,Angela Armstrong
7b58d096-ceee-4218-b04d-b80d49bcdfd6,Michael Bryant
b4ef992c-e260-4c48-b9ad-b4ef30939631,Lisa Mendoza PhD
d2be72ff-87c5-4227-ae58-d01430a0b32e,Michael French
75ba556a-e3b2-4a90-9535-aca6e80b8acd,Brenda Dillon
3b35ccc6-2217-476d-9770-79e5a736501b,Lauren Rodriguez
483b1b24-d572-42eb-8f0b-c8d9f1e71145,Shawn Baker
8dd798a1-b663-4002-beb2-314b985a0709,John Gilbert
1e7df25d-6f9e-4ee2-bd7a-9a0cf1d76fc1,Latoya Harrison
a8823c6d-5d79-44f8-b083-e565d9149aa9,Sean Bates
68a9e5ad-e7b0-4148-a8d2-1011cd3bf24c,Daniel Kelly
ac766bee-d2c5-491f-85eb-e0940561f469,Kathleen Rivera
d9a7c9f7-11cf-41b9-90aa-1fcc8d885dec,Andrew Serrano
adba761b-f9ba-489e-be51-8e773df30d0c,John Washington
7de5dac6-f0bd-4bf2-afcd-d064780d9156,Susan Phillips
2b855a48-b775-4ac9-bf16-e3e5b419234e,Dr. David Murphy
a3738319-b949-4ed9-9c31-d3908ee2f800,Dylan Carrillo
8b1af85f-ddb9-47c3-91da-e4f56f7bf639,Michael Briggs
fb962074-9b26-456f-8f03-c0a79f6667bc,Matthew Young
e763b01c-b8c9-4354-ae9c-cc80097f452d,Cassidy Gaines
d7285061-c927-4437-b5a4-f089d4737488,William Ayala
71977060-426a-4005-bdd3-f82937d14974,Jeffrey Franklin
f6a6327e-92e5-4c79-8459-4456eb961a4c,Mr. Adam Carey
a83f8774-689f-42be-b32a-f786d0c314cc,Sharon Sims
f95fd09e-7d6c-438a-8391-481b22d58433,James Walls
778c103f-8b8c-4830-aa0c-ce632f03842a,Christina Ramirez
29bac7e3-0e67-4213-ae5e-fda75ca36bc2,Hector Campbell
1bf9956e-343d-4a61-93a5-56353ac076af,Arthur Mendoza
3ce6d8d3-dcb6-40e3-9e8a-46f57eff858b,Michael Welch
9e388f62-85ed-4ccc-b31e-5f3ea08b3d41,Anthony Wells
ad5747ea-a9e7-4266-a9b8-4b527c023864,Tamara Berry
d3f4564b-54ab-43b0-a750-798e68fc9416,Kimberly Jackson
ca3066e3-4a1b-4ec1-bc57-f3c0ef3fb4ba,Alyssa Alvarado
d75ae756-a438-4e02-8493-a16b97e8819f,Emma Mitchell
bce0a731-42cf-4594-91b0-1cd113fc9df9,Jacob Brown
6a11fdb1-8167-4f3f-a826-8ac798f1451b,Howard Copeland
43c37ec2-7b43-4bb2-87ca-e77d3b89d8b3,Gregory Hayes
1a1b18fa-72c7-4aa5-abf8-3d2b5908b6c4,Kenneth Lynch
a9a6e7fe-0f26-42cb-938a-b2dfa02b7b80,Tanya Craig
70edade6-e49d-4fea-b244-b6a4927e65b3,Douglas Burgess
605dad64-2a94-474d-b668-c1b8ecfdd38f,Brittany Barrera
60a48ef5-761d-417a-8d1b-0c99f962a8db,Jennifer Singh
11efdf3f-0f27-479e-b600-164e16df1799,Christopher Barnes
802746f9-b9ae-4d9d-bf6a-b539f223a82c,Rachel Rodriguez
b7cdd7c8-25aa-4184-b3b6-2f0e51c6940d,Erin Flores PhD
2637c128-1105-4fd2-96b4-3008698be2e0,Mr. Matthew Meyer
4de19947-b4c3-4ddc-92a4-3f29cfe6c5a0,Renee Gibson
ff01dc2e-bf0b-4c6f-8f7d-865da7fc31aa,Joshua Wells
c446a24e-fbf9-47a7-9434-bf2b3ad51316,Tracie Martinez
c25a2073-c609-4f0e-9069-bf2a673f6f22,Karen Sanchez
c7fcd315-06b7-40f8-ad23-564280fdcbc2,Debra Hall
4690c746-8b0e-4a27-aaea-80d713f3e558,Elizabeth Ryan DVM
9c9dc73a-6131-41a2-9193-45d875a05d5a,Brandon Lindsey
13c465ab-bd7c-410f-8e01-ae735180e236,Michael Williams
fc50efe4-e4c6-46ec-ae4f-1173a788c82f,Sean Carter
c6743991-3788-4512-98b7-108d23c82132,Adam Rowe
61655348-edae-477f-9088-2e07fdd1ce8c,James Gardner
4823cc35-fa2d-4f7e-a2df-201691772b2f,Amy Andrade
0d466aff-48b5-4888-a9a2-294ddbab6566,Kathy Thomas
0b07c318-0d80-4ee7-8c9c-fa9049ab1abd,Keith Cook
64d2d286-38e4-4253-917c-6d0b63ee086e,Lisa Snyder
7a90e454-7315-468b-b2a0-d17031f05f19,Robert Lane
397a8096-d710-4602-bd0b-592c8df4e37d,Angela Weber
cbce2b90-bd2e-4013-b860-e8a978a9f88f,Ray Mitchell
992d1f10-e752-453f-bde4-7fbaedd2e731,John Mcgee
af124a2e-ccb8-4e66-a7ce-070ddc0059ae,Tanya Anderson
eeaf341a-f561-4966-9b88-62577fa72b12,Eric Francis
7b9768cf-d8d4-419e-8c78-be8ceec1c514,Brenda Hall
5c094bf8-d533-4b9f-b589-c3b104842b94,Christy Rios
5abb334b-8b61-4510-88bf-6897043719b4,Ashley Johnson
303d411b-32e2-4978-8c26-b880c3924a1b,Courtney James
1bf136ba-8e20-49a7-b396-f90b53d239ea,Robert Torres
1c259a8e-9b48-4f89-b486-ea21fa9d322e,Ryan Mclaughlin
f37445a7-26c0-43db-a0e0-a5d46e1741ad,Debra Simmons
e47d03d0-b6f3-4aba-927b-fcd8165dbff0,Lisa Mason
66597d7d-0fa9-4a8a-a321-22c9db995d03,Jessica Taylor
3206d1bc-6ee2-47ba-a74e-4cd0eb2ce892,Calvin Mccullough
0c68359c-0b72-4b51-bba6-4c3170f9281b,Jeffery Harrison
4a5862bd-b01e-4d5a-9ad1-30b08c9f3909,Jon Heath
d896bb4b-fdef-4ab2-9e3f-20c766e7f3a9,Jessica Bauer
c247b689-99d9-4d3d-80d8-f8f1e7808089,Ashley Bradley
aa6e256b-d37b-48c7-b267-98b2a33ab093,Jessica Wade
4c5cc7a6-7c54-40cd-a36e-fe1ffd10964a,Sarah Thomas
53781415-1cf7-426e-af60-51625db26e66,Bradley Monroe
061bf969-534c-48d8-9a7c-60cc53165c69,Joseph Adkins
67ad0ca7-86fb-4d1c-a3b1-e3ba6efd69fa,Ann Yoder
d2a6ed9c-6a27-40ad-af5a-a24002a7b4c5,Melvin Ingram
f59ae663-e4db-4c1c-b7f8-0c9f7c2870c0,Angela Stephens
06abbf9f-ba77-424b-8840-cb740166f8e0,Seth Frazier
8f5f19ea-b4ec-41b4-b095-dd20189a0baf,Zachary Holland MD
079a071a-7745-4fc0-b583-c87aca84d156,Stephanie Nelson
5c235fdd-3bdd-4f28-a6b1-5222fcbd752e,Traci Landry
e76309d7-4d32-44ff-92d7-0cdae48414d5,Alexander Garner
c3fe3b3d-0732-4803-a79e-469fc81f513a,Sarah Harris
7b609d40-9101-4402-876c-dc602d6475e3,Sharon Smith
c95c5cbb-e505-4c33-84f3-f8eb3db7ed81,Elizabeth Montgomery
d151d9de-ae81-4304-8863-67bc1dbe8493,Justin Barrera
f7e8efc4-d8e0-4901-964b-620777bf79de,Michael Lucero
578871f7-70aa-4ab5-9ac8-38fb13524ef8,Rebecca Smith
ec4c6686-5687-4144-8030-29178e548201,Andre King
662f0b57-6ea3-4cd2-925d-e9742e080da9,Jay Haley
1f529bcf-942d-4b1d-90e4-4a2c9f24445c,Pamela Lane
9be9a1f1-6360-4c9d-bf5b-c94886d7a59f,Karina Zimmerman
095188cc-ff49-4d7e-b032-0074fa8f3ede,Alexis Graham
d77e09d7-11b5-42f5-bc46-2c3dde402dd5,Rhonda Small
99b5a058-15bb-460d-8986-3ce313d9e982,Barbara Pearson
75b3ede3-5f9a-46a9-a703-d0e88c07e563,Mr. William Baker
8dd20854-aa33-46c3-8aa4-f4aeaa64ad80,Megan Wyatt
ee546d2e-4767-4e56-b587-7e95a14f71b5,Crystal Mendez
8a89affc-17f7-4eb3-a641-6aa81af35a80,David Garrett
a69e3884-c637-4887-9aaa-e14a681a9577,Brian Davenport
b5cead64-21ad-464a-adc7-d1c41faeafdb,Ryan Huynh
246563fb-8033-4cd2-bd60-38e4bd666fc4,Ronald Tran
5b15d9f9-9e1a-48de-83e5-c4af545620c2,Aaron Gardner
bcd06309-f4a2-4598-b84b-420217fdaf58,Shane Yates
a296fb9a-ded3-4b7f-a897-9b873deb3d89,Susan Castillo
6876d73f-188e-453f-84d9-ec4a04eb45fd,Patrick Knight
840d1773-8351-4f16-8f1a-d506e49d995e,Peter Ross
f505f2ef-6fba-45ad-8c10-bde3f05d4247,Wesley Jenkins
46104e90-323c-4539-8d57-09234eec64fa,Pamela Harris
aa961e6a-5f73-48a5-a8cf-66d064f0ec97,Kimberly Kaiser
f1cd2f9a-076c-4f64-b909-301f1c396d5d,Natasha Wright
3fae382d-65ff-49d3-9e46-72b6190d4a67,Joshua Webb
77cca21a-3bfa-4895-850f-4aa703bc8dad,James Stuart
cdbb1bca-70a1-4843-a9f1-b933e1c58451,Joshua Turner
b2ecde28-126d-43d8-b5b7-b4b3003261f2,Jennifer Erickson
4cc7d985-26f0-4875-b5d8-589de09896ce,Kevin Marquez
04e84393-1655-42bf-a18c-f4ea7e921a3f,John Larson
a4989745-e8d3-46ec-a192-4f810d75f1a1,Rodney Gonzalez
43066bca-8b8b-4711-bc95-1544db573aff,Erin Rodriguez
9f254992-1046-438d-ab3d-d0cfef9b140e,Madison Davis
5dac030c-3d25-44c0-8f72-55d2a95257cc,Amber White
bc78f651-4e47-417e-b79d-fbc33e4737bd,Samuel Thomas
c52067ae-a0ea-436e-93ed-693876193bb8,Brian Clark
29c08b4d-704e-46bd-89ee-28e0627665de,Elizabeth Chapman
5c74c682-b313-4d4f-bfca-000d1d39ac61,Melissa Davis
f3f13089-5ced-4efd-9142-db7965289419,Eric Adams
73eb6db9-f494-44c3-a18e-52fde8cd9624,Diane Hunter
bab39442-e0b8-4f91-acc8-5c85773b983a,Lynn Ramirez
280e344b-e9e9-423d-abf2-cb12fa907caa,Lindsey Hunter
0c8f0a86-b5ac-4161-aff0-778c8da2a7ff,Barbara Jefferson
d3d2ed01-e2de-4df7-8984-edeb6818fe28,Jacqueline Morris
a1b57abd-d9bf-4ee3-a89c-93c3a187ff1e,Diana Webster
611c4acb-9bbc-4ce5-9445-8bb4e103c786,John Simmons II
62880037-e3a7-4cc0-9484-b9177457e671,Kevin Castro
2fe9c3a8-e4a1-4f0b-af9f-ec83f423841f,Andrew George
b19f05b2-1611-4d67-82bb-e6c552496e4b,Paige Lawson
62189689-ede2-4d25-96d3-bda7199e640a,Tyler Henderson
844a6851-7443-4d61-bed2-7b4737d1d929,Sandra Norman MD
5bb9e330-3645-40ae-a7e0-69689a72d9e7,Brett Allen
140a60c8-0606-44ad-b7a5-0bd3562d3dcc,Mr. Jeremy Cameron
9ea0bd08-f1e0-44fb-9baf-ca04eeae1c21,Madison Mcintosh
d09e8ed7-c6aa-45e6-93cb-dd3221a43baa,Emily Shelton
9e86af2c-ea19-4532-8375-1c404040becc,Stephanie Williams
ba4d1b60-1f14-407d-87a6-4fd4d463862c,Michelle Gaines
4059aff2-8b1a-4ad1-81ef-c0df4f95ba4a,Andre Sanders
9d417ccc-fa01-4b0d-aca2-06245e8caaa0,Beverly Peters
f4a7f6d1-dff2-4334-9a7d-378528a9d8ca,Dale Colon
64fa9adc-0add-40b8-b65e-76bd005483cd,Steven Flores
b3b42382-74d8-41eb-933b-b536226a3ed9,Nicholas Benson
f3df3232-109a-4c84-a79d-fe87f989ab46,Gregory Werner
06773391-26a9-43bc-90d1-3edc0bc67d9b,Sara Valentine
1195d64e-e2e8-4860-a93c-5651f4fbf014,Sara Potter
2cb7583e-3d97-40d9-861a-4cc0da36f808,Ann Dennis
3ade84bc-12ee-4d23-8b8e-d390445beedf,Dr. Erin Turner
8d9f951a-3934-4386-b53a-8be73952d368,Vanessa Schmidt
3a7c83ea-b7fa-4fcf-b889-151d54d38f9b,Glen King
c2c14ff1-2e68-408f-a486-fb1b3480b103,Allison Harris
e036334e-f900-42fd-b6a2-34477af48851,Sarah Smith
3aaa2d2d-4c9a-4106-8188-041537d9d30c,Eric Schroeder
495b92ab-9fb7-4075-b552-488b7fcbc3d2,Teresa Lambert
8cf8df57-67db-456f-8a01-f3d60d1c791a,Connie Collins
b66b015d-0eed-44e0-98af-c41544ed26e0,Carrie Russell MD
1db11e2a-96aa-426c-be02-522666f10629,Jonathan Bennett
a9d4eebb-4dc4-440a-9dfd-75b2937e7f3c,Victoria Edwards
7b1768d2-7f08-41fe-8d94-7948e220edd7,Christina Patterson
232b081b-edce-43ef-8d88-e01d70221a01,Lori Butler
60f332d0-8fc0-4ad3-ad18-917aa1b3970f,Haley Obrien
425b67de-cb4f-4001-8499-0336031be18d,Christopher Kim
99198142-26a4-4b31-b181-9fefb591fe7f,Kenneth Hudson DDS
6b095581-8d05-4959-8d0a-00d015427721,Brittany Thomas
7837eb38-b776-4a22-8c26-ecee887ac90c,Lori Williams
b04a8b8f-90e2-489a-8429-489fd7878f12,Charles Bolton
40f3ce22-7be2-4d39-bebe-54ce3abecef6,Kelly Bennett
714aa4db-9648-4a10-8724-b0eb186efce6,Melissa Wood
786f9f3c-fca0-4b83-be87-4075ac231d7c,Sandra Duncan
3db7635b-cca5-490f-9b2a-497b012267ea,Vanessa Howell
fa932228-ca89-48e3-a446-0e099535b8d3,William Oneill
169e0460-0af1-4e1e-b683-53e4821b7a6e,Kristi Washington
1557d5f3-d685-4e2c-a08b-fa961c1269ed,Jeffrey Silva
8045feab-db9e-4fb7-bba9-228363356420,William Diaz
8cbf7cde-2818-491a-90c8-94f2bc031fd1,Jesse Moore
aaf2fa36-7e10-4b28-b095-e8fc5dc1d656,Jennifer Manning
a176e355-8e28-458e-bb89-71d64f88c7c7,Rebecca Warren
18b82bec-ac7f-4fcd-a222-f8fe2d2b0b93,John Hughes
c7400ce7-2f25-46f9-840c-d4cec7b31f33,Mrs. Hannah Figueroa
e643dfcd-ddd0-4b4e-9c61-bc3bef58d20f,Mary Dunlap
cb39caed-61df-4395-9d63-324b7276d408,Stephanie Evans
b816b9e6-304e-45cd-86ae-72685af22f38,Tamara Wallace
ebba2d42-49af-4a5f-8ad2-ff025756faa3,Barbara Koch
17143316-adb8-458f-9747-64e77ab0e670,Michael Baker Jr.
89de2f4c-5200-426c-bc06-69264ebd2016,Stephanie Koch
73184198-ac5c-4354-815a-bfe568d25843,Brandy Harrington
433ee2fb-2211-4801-81d4-8459a31535f0,Deborah Page
69de9848-9050-41ad-9233-5285132d4981,Justin Chambers
e9212e2a-55f5-4f4e-9506-7a29c6f96dca,Mr. Brent Ward
28643aad-4aa1-44f6-bd2a-a8d40fbcf103,Erica Walker
ff03ac34-b27c-4753-8c0f-3126c6ca594a,Lawrence Clark
64bd4ea2-0a21-45a7-be33-50c385391ba6,Mary Owens
2edaba61-629d-435b-a854-e2865417a562,Michele Mayer
9bd108fa-e54a-448d-8abe-d857fc76c755,Katherine Odom
af050de6-e4a3-4663-a0e3-aaafdfb1bcf6,Stacey Miller
2979756c-f335-479e-bddc-5fd40a7cbc32,Sara Henderson
356cc7f5-3a78-4100-9e76-ee9ca4ffc382,Laura Hernandez
f6c73c1e-8d6b-4111-b910-ae8c94001853,Julie Robinson
79f9d0c5-cdea-4cae-955f-eac4211ca88e,John Hall
1199ebdc-ac57-4aa4-9e31-d57317433569,Francisco Parker
0ab2e3fe-e847-4870-b2df-f28cfc2d3588,Lydia Khan
87d8acfa-f4cc-49fe-b76f-3186739e2fe8,Christopher Villa
5654c0a6-90d1-415a-a9a8-c62eca564d39,David Webb
c30d5efd-5074-47a0-a432-c85808302f12,Mary Pacheco
115de946-b94d-4345-bb1f-feca2ab8e309,Mary Kim
c8620e8e-fbbe-4e3c-8b00-09de87a8d3b0,Gerald Odom
e3f5c06d-a18e-4b44-a2d9-e279cd336f31,Michael Murray
f0c54416-0aa0-472b-91a6-f27fd799d828,Carrie Wilson
0e661a4e-f780-4553-900e-f723640ac189,Carlos Leon
9ffbcd0f-f894-446c-b6e5-4306b5ffa7a6,Kerry Tanner
e4701e78-d1f5-4ae8-9eff-f8c0bcbe292b,Daniel Mendoza
f75f9a4e-55b0-4b40-a6f1-51b7b7dc1a3b,Samantha Kemp
cb3eeb6a-b14f-4762-8100-54aeb874678d,Connor Hernandez
200049c8-1c92-4f7c-bddd-7af5ca840725,Rebecca Carr
41b29114-963c-4ef5-b79f-992c3857f547,George Bennett
4e44192b-dce0-4328-8de0-84804f6bbcfe,Jacqueline Pineda
960fe92f-3353-44f0-a39d-689c0653dc11,Mrs. Shelly White MD
a63d82e6-a525-47c9-8965-13441b476a96,Edward Ortiz
ebd3a9d0-9b39-4255-919f-e48d8355b6bf,Omar Tyler
e6005567-aa79-4352-b140-19d058f3986d,Christopher Cooper
bc350a22-c2a4-4c06-bfe1-9cf3d4fffcee,Amy Taylor
2efa343c-3139-4291-8eb0-e84abffe5bdc,Charles Adams
e4e6ca69-ee29-4f38-94fe-f029f1c77e6c,April Morris
a32faded-63cc-4f17-a7f2-2ff506d740cd,Jill Contreras
758c1690-aba8-4b7a-a065-2fdc2d198e5c,Leslie Hicks
f12783f3-ce69-4dae-a20a-eb6d57d18bae,Mason Thornton
07724ef5-3479-4376-b9ce-15c37f106157,Scott Perkins
5557d943-d833-40b1-9244-850e9e8ddb72,Jade Martinez
31810ab4-0afc-4b58-ab69-91689991f8ad,Brenda Miller
d3e1e393-3b95-42a0-bb19-8a9981415d5d,Bradley Shannon
4d51a101-ecf5-4b38-8378-df255e07ff1a,Amy Garcia
deb0c86b-ce56-4e64-8838-1348366c5eef,Amanda Nelson
6bdcde6b-466f-4701-a5cc-459dfc39b6d6,Matthew Allen
159320fe-3068-4204-92a2-011bae7b5dc5,Shelby Morales
0306ff3a-8165-4a87-8476-c2f97999d578,Alexander Johnson
26e520e9-d98f-4e9d-adf5-ff11fe754ccc,Suzanne Farley
fb2b4260-4f6a-4a2b-98ec-8543e18a2701,Dr. Melissa Russell
007e42cb-2882-4fd3-a080-dfb57b4f3c73,Jaime Hester
7c7dbfa6-46bf-4d5e-850a-b803bc067978,Michael Carter
52c16782-a757-4313-9719-82e535603571,Taylor Thomas
e70f44ca-ce1c-44a2-b547-bd0709188d30,Richard Cannon
2f5803f3-fc0a-48eb-ad87-27e32acc3561,Debra Morrison
8fb81094-c479-4581-8323-6e7a0b195c24,Jessica Richard
db669850-d370-4e0b-ac11-965e5a499219,Larry Ward
c5299eb8-b12f-4876-b66c-953d52bcd666,John Simmons
1724b4e1-8530-4f5b-a7b3-c5ce0ea64f16,Wesley White
408c3c04-a423-499e-bef1-fc94b225b306,Ashley Porter
89bacdf5-7ef6-4e1e-8db7-b1a570f4f3eb,Matthew Bryan
367fd8dd-cba7-4147-b0db-a71def55888f,Wendy Bowman
240792af-7bcf-4299-b615-74b596de9f86,Rodney Berry
5337fc49-7391-454f-902d-b2607e20d99e,Derek Smith
4edcb55f-26c1-468e-b4f6-ac05eb162c76,Brian Velasquez
8168d501-1347-47cb-ab6a-d500294e36b9,Carrie Abbott
6f0d7503-22f4-4c38-86bc-6dc11a74a1a4,Christopher Torres
fdbbaf96-77e7-4dea-8a8d-06bd2c3616e1,Tracy Garcia
d22d653d-61d8-4da5-954c-873c934ac256,Paul Marshall
4be69f54-ca4a-44ee-b32d-04f3c743b7b9,Amanda Johnson
6b23b51b-ae92-4f85-b42f-6dd2f8aa7a17,Kevin Jenkins
f4abfc18-de5c-4c74-89f9-f5f7845a2a56,Dana Mcdowell
e28c17ff-a410-4ff8-84f0-51635ee7a282,Carolyn Moore
4586a43b-809c-4f82-8e10-bf8f5c23bf05,Jonathan Graham
dfda6af8-5380-4177-b5a7-31cd62e0bf64,Michelle White
7cb97904-f7bf-4c32-ba2e-ca76bf431d67,Nicole Martin
a5b0f0aa-bc72-4a58-9e12-6d68ad1663c0,Sally Eaton
72ce4676-7d19-48f1-a1d3-907943005791,Donald Diaz
38c62a59-986a-43e0-81fa-d60aa9199b88,Richard Holloway
14d893bf-b9ce-42fc-89ca-0f2029bc6e5b,Christina Roberts
8d46ee92-a586-4c8f-afc3-98ab76029b5b,Jacob Reeves
425aea33-9fa7-42c3-9d88-cbb412088ea2,Ashley Patterson
da11c20f-b99f-4001-9bcd-7a980adb8f63,Debbie Lopez
cc38714b-97e3-4bde-874e-7261f5b5b4e2,Stephanie Hanna
20904d90-feab-4a0a-968f-03c363fc81bd,Kathy Haney MD
d2a9d70a-d6fb-40b2-bf48-b413d3a28b37,William Ayers
43aa5de8-2174-4032-a269-4510ff5fb5a8,Melanie Pena
cc6c94cb-b79f-4c0b-91d4-8fa6535dd418,Brittany Rodriguez
86655056-408f-4fc1-930f-dd27d9a7cfe5,Joseph Boyer
a2a67f71-3c5b-4978-99e9-7bbc2e891ea2,Ryan Hart
28c501ea-e6d6-4d2e-bf1d-773495469fd6,Katelyn Alexander
cf6a70c1-fffd-46bd-ac42-66abb388d8ba,Julie Dixon
8e36b727-5fd6-460a-8ad5-bb21eedd6334,Leslie Conner
b3002f87-64b4-4d70-be97-1bc49d2fb31b,Judy Alvarez
736cbb39-3e05-4f88-a4cf-776d178d5ce8,Devin Clayton
ce919cc9-e7e5-47da-bee8-519bcbc27f0a,Susan Bennett
4ca4b514-121a-4ddf-815e-ab1c11232433,Erik Gordon
423ba6c9-285f-4aa1-899b-890e4ae65d71,Seth Atkinson
9bb4cc99-16ae-407c-8d60-f3716baa69fb,Jason Garrison
12a5b8ec-5272-437f-87d3-6f58a70f48cb,Richard Jones
53834990-1bd6-484f-a22b-3d8af38c20b0,Amber Coleman
53c06e6f-d539-4cb6-9c64-bd5ef2e2748f,Robert Cortez
af20848b-451a-44dd-ae8c-f4074d7df315,Pamela Johnston
7a452bb3-6dea-4727-80eb-1c48045bad07,Stephanie Powers
ee881d33-9ee7-41b5-b974-5a93728113be,Matthew Sullivan
25051f93-e1b5-45c5-a647-f97f8492a99f,Jonathan Davis
029f6e82-91c8-44ef-8046-5765584c6f8c,Brandon Alvarado
7cacf292-0793-4bcf-ac30-1400dbcc468b,Marc Green
1fe7fcbe-d455-460c-9547-63302b24d599,Michael Harper
c5ca519c-723c-4a5b-8183-957861f00dfe,Linda Williams
2e8d5a49-a6d6-4a97-be7f-dbc6308b21d1,Linda Thompson
ed49f5a2-324a-4ce4-9670-6eba372d7319,Daniel Gibson
13bd183f-66d7-4e83-9170-6ef19a541a93,Lynn Smith
94d10536-f00e-43a1-b757-5567e1f28596,Natalie Wilson
5028c3ee-2d2a-4f62-bfb1-3a12acbc0f15,Taylor Hudson
789b380d-d0e9-46a8-9c1b-a5c9b1f12ec2,Sarah Yang
8c7e1fe6-b721-4e70-983a-011144240f61,Victoria Terrell
f5c7bb07-bdd0-4425-92a2-8b3ffeda38a2,Troy Lynn
72b63e62-1ca8-4027-b6c8-a6f13f179065,Regina Chen
e2b598ba-2e2c-4e6d-b071-634eb563df46,Daniel Kaufman
dc02101f-79ca-40b2-8a3e-64271d196780,Robert Riley
5bf7060d-466d-4e1d-b572-de538e116c28,Mark Johnson
8ab356e0-3264-478e-a7b2-b388c26b2168,Roy Stewart
68ac34e2-e6dc-4269-8704-048cac40325c,Vincent Clark
1c944d94-cac6-442c-93c3-693283d7c849,Kevin Jackson
13be96ca-1dc0-4253-9c21-5f830a6840a3,Melody Wright
ee4a5863-d6af-4e78-8859-de03ece9475a,Carrie Mueller
dc6172e9-024b-452f-919c-42a1a31bf21c,Brian Fields
01d72e8b-4340-4c52-87f5-c167b062890c,Chelsea Schultz
52a71703-2eac-4e02-afae-f587c45075c2,Jonathan Schaefer
7e2809d2-d9fe-4a82-b79b-9b66d00e50a1,Sara Spence
61f08e22-971a-4aca-9bb9-ff5791d7f887,Alec Ayala
51864116-fb3a-45e3-9174-a9c921a358dd,Carol Vasquez
a1913170-6a89-420c-b992-68dcbcba6444,Jessica Duke
af413887-44d2-49d7-b6f1-82e8da567d23,Margaret Lopez
5adf4cef-6b89-4e17-b555-6a2856a4a065,Michael Davis
a47207a2-232d-4af6-a1d1-502968cbc111,Dana Simpson
f95b8304-8a0b-40c5-90b7-98ce0b31e98f,Susan Humphrey
a581c429-7130-46a7-9c75-2a1e7c6f21ea,Jeffrey Joyce
8aad8683-2fdc-4d28-a9a3-4e530e01e8b7,Christopher Ellis
ca3a2e98-e9bd-4d81-a8b2-b2dd981c2afe,Elizabeth Davis
fcaf3f45-915a-46a1-aa54-e5861c8b1e2c,David Thornton
3f172953-9ce6-43f8-8655-346f780e23ae,Douglas Vasquez
854cfbae-304b-4fe1-974d-7bcd9e5f9bc4,Robert Marsh
f1ddef0f-bdee-4729-8748-e53103f690fe,Kelli Williams
7f7ce22e-7960-449f-bd78-3a276ef1587f,Brandy Dean
36e38dde-2ba6-4157-8d3c-72988b2e285f,Kevin Diaz
a0d2feb6-b61d-4e5d-ac15-805a0d4ffa29,Dean Booth
f0f09ec8-bd78-4cf2-b7f0-d6a6c3a5c8b4,Mark Smith
0926a291-b8b9-4302-aa28-e0f2d6f4a3cc,James Calderon
ea6d82f3-5b59-47a7-a218-2e0a4d2d52ee,Amber Small
67ae45f3-48d8-4f70-a697-2c1494f86f88,Connor Watson
fca6ae8a-05ba-447a-8fbf-ed8faa9e940f,Michelle Velez
13ba3b34-3d4a-4fba-bb5e-b6bf66b3f428,Stacy Lyons
ba636ccf-5cfd-45b3-b412-d9b30b7b78f4,Glenn Galvan
6c91b06b-5c54-4030-b0d3-4117bc03df5c,Sharon George
38422835-8368-45bc-a0ce-d5de7ca368d4,Christopher Hamilton
2f492313-0b7e-42f3-b7d1-711b97972845,Melanie Ramirez
35cf410f-ce50-4dc9-b323-46162193bba3,Jasmine Knight
0c44ef80-9b1f-4a2c-8628-5e5ec9849a3e,Melissa Larsen
1102165e-c911-4ffa-8d38-309770e48c75,Laura Sparks
cabac771-b1ad-461c-bc75-371d8648cb67,Marissa Greer
39617464-9c3a-4de2-995e-e4cc8de5b663,Samuel Wise
7873ec19-fda3-4db0-9d84-77af784f99cf,Amy Hall
0e8cccee-5a76-4a9a-b96d-e98bb2ed728e,Robin Reed
a5304628-71cb-4afe-9096-2f4a3fcbedf6,Angela Roberson
cf4706e6-0e64-419a-8704-44bcd38345ea,Gina Bradshaw
1ff8e1a0-0a1d-4935-9794-8f6831adedf5,Cynthia Martinez
b99b7c12-5614-41ea-bdf8-d41b6d81c8f3,Alicia Norris
cda2a22b-2012-4daf-973d-84aedd1fee63,Ian Tapia
0d631ef4-c40d-4b3e-af44-ed36e149f7a5,Mrs. Ana Garrett
3eeeff6f-6574-4da3-9f7b-c4b1ec59e909,Darrell Cox
49413d88-9d6b-43bb-836a-2adf54b0c1de,Alyssa Jones
696f42f0-9700-4ffd-8251-babcb30295b3,Katherine Zuniga
3ee8efa1-1b70-485c-96b8-69b2c4b17985,Michael Hernandez
74fe0b26-5418-4dc7-a021-c2d4b9488f5e,David Thompson
f7d4c95b-fa17-4e0b-81f8-038a35b614b7,Lydia Williams
88d4d802-73d2-404e-bc87-a3f23f19dd97,Susan Lopez
e255702e-a6ba-4fc0-9afb-658603442fc6,Adrian Harrison
41136117-3b90-4823-b526-608ca8ff4e1e,Ellen Jordan
d5568bbe-bfd9-46ac-8a84-0df1059f17fb,Gina Kim
9dc13778-cf47-4bdb-ae89-76bb7db7bc69,William Smith
e2515ce2-122c-481a-bae2-84a40626f8e8,Kim Porter DDS
670cff56-7904-4d94-8d4c-e826cc180b84,Ashley Santiago
ba87cea7-3a48-4c5b-b3c3-48df2d1f66c0,Miss Carol Garcia DDS
793e928d-a20d-4390-ab35-610e6fe438e0,Aaron Smith
0262cfd4-ffce-4180-ac87-314b60499880,Cheryl Atkinson
5205504d-eeb2-4fcb-8f2e-10b645ef4d16,Garrett Sutton
1f73ccd0-6333-4240-a292-8643d470385d,Juan Walsh
9ab5cfb2-e502-4b09-8e05-5babbc2a46b4,Frank Montgomery
76116f20-c472-4a24-b27d-0f9acc4007c8,Jessica Lynch
4d80340a-427f-40f5-b116-107d433a8647,Donna Crawford
bb29cf44-7057-44d6-a3d5-f23f9e3459ed,Christopher Smith
9af28de5-81c4-4d04-8137-06f20f63337e,Richard Myers
dbd7de08-4e30-410d-a6a0-bdf46d3565b5,Kathleen Kane
df043e90-9e6f-48e2-a56e-0f7229e2e37c,Ashley Smith
64f83121-034e-4409-b0a5-6e1c4f87525b,Christina Lane
6f8d66b5-acd8-435e-bd2e-66dddb962052,Cathy Hernandez
d519f019-7dc0-4b19-9de1-31b9261fc7e1,Mark Olson
097f2f5b-b7fc-4e2f-9b87-53240b6b692d,Clinton Knight
be96c427-072f-4aff-8a06-5e67fe7fd386,Susan Odom
67fb9b6d-eef0-4166-b344-fbff54af92ac,Monica Warren
1371e8fc-2c59-40b6-a14e-fcebc423adf8,Leslie Mckinney
a6126350-6b64-48c5-8033-4381bd957767,Robert Mitchell
81389852-f008-43ef-afc1-6c91c2436a4e,David English
0ca36f52-ff0c-4a6e-85c8-5bdc7fe92e2f,Richard Owen
376adf28-b3a0-43c9-bc88-ecb096b8239a,Maria Rivas
5c867eec-6523-409e-998f-c7dcc186589b,Kenneth Johnson
561b09ae-be40-4e09-a875-02110bf89413,Julie Dillon
99d1e57b-2057-4ae1-b2c0-76fa53da26a1,James Ramirez
1d838ccb-36c0-4163-9546-eb866c912214,Brandi Douglas
80e8c5b5-5bad-4e1d-8a3f-fc9942b793de,Derek Brown
cceab7c9-b953-4050-9e0d-02ba5141c27b,Sarah Ibarra
6adeb495-4b12-4f5e-a4f9-e0b7e8043513,Bryan Thomas
2b61241d-0d0e-4827-a780-4b92190f5e45,Billy Burton
abaf1317-a9aa-4282-b989-c8d148203142,Paula Craig
0c433d2b-d8cc-4929-aad4-d95ae83a39b6,Michael Leon
7af4f2f6-3f74-4b13-851d-524055abd7b3,Kathleen Sawyer
02cbbdb7-72a9-4fc6-8577-52b436bdf82b,Lucas Fields
648e16cb-7cea-4618-a927-70b02221f01c,Adam Roberts
8ab7b794-9d7a-4e7d-8132-3dde49669392,Nicole Morgan
e884b79c-a3f7-405d-ac59-3ed8fcd4b319,Theresa Barrett
4a1f9671-1139-49c3-858c-e67a6b7fd865,Nicholas Jones
fc181e7c-8a56-42b7-8043-4c2a0eb28240,David Gomez
27ad4775-4174-4e58-8462-e6559acfa322,Jason Clay
cdaa9ed9-5a7a-49c1-a7c3-6997a45cea39,Dana Wolfe
451a7f89-6185-4f78-9ff8-1660a198acfc,Dana Hensley
63b69574-89e2-4671-9913-65b726262e65,Daniel Wagner
00ebec80-cdc2-404a-bf69-d181784d47eb,Derek Lang
cf4495bf-50e9-4699-9b8b-a322fd1f502b,Katherine Ryan
31870349-03e4-4be6-81c6-79c2126733c4,Francisco Meyer
e0e6120b-8d73-4698-940f-0f8fc9294021,Michael Hall
64859f92-72b6-43b7-bcb2-599080722218,Nathan Cox
ed0d0174-cdd9-4ee9-a8e0-f043dfa192c1,Ann Sanchez
e277fe24-0f10-443b-9c97-36423a9c1a00,Cheryl Jenkins
e5de3b42-0ede-4a97-98be-959cf43b9213,Andrew Lester
6d9cbc01-7d34-4caa-b2bc-d4b98149a811,Michael Harrington
a8fa9049-80ca-49f3-a3dd-cecf45f21bea,Christopher Schwartz
1507a756-4326-4e45-9227-642f96beafd7,Sharon Johnson
f8c45248-cf66-434d-a7e4-c289ceba558c,Michael Vaughan
eba277a7-dc3e-403d-b137-c41557f0ad4d,Corey Francis
f2cdc5a1-fbda-4db1-ace0-0e16f72e9a0c,Frank Moore
d86f8bf1-d40a-4f5d-accb-c8f1663d0d27,James Cook
7a78f789-d817-4f05-8ed4-8d1f3b919cd1,Andrea Rice
cd8a1e0d-d102-4cde-b589-b73385baf249,John Yates
9209f05e-1ea0-4843-8ae4-59de514ddfae,Karen Bennett
3613f0dc-1024-4fd0-9823-6d4430327e72,Cynthia Frazier
abd0dd89-d779-4491-88ba-9b8fac33948d,Trevor Gaines
f138714a-93d0-46e3-a1bd-c67ffb648e27,Joseph Mejia
194a998c-25b3-4a32-ada9-241e9303d8ad,Gregory Dennis
6debd8c5-dc6c-44e9-93ee-c572c711aac1,Stephanie Navarro
7539c9e9-5942-45a2-a2cf-69bc4f33c450,Charles Pineda
a57dba33-c30b-43ef-b204-c793c0a39950,Courtney Lee
2746934f-c95c-41da-83ad-bb287872e182,Melanie Riggs
577c1729-6235-489e-8365-93a936fe3b9b,Brittany Morales
43804752-5f7c-48a2-8422-2ed793cd1c5e,Jasmine Peterson
841aa775-eeed-4f20-9bba-187172fc29d0,Michael Mills
9d2d40a9-bbb1-433f-afe7-a8793230502b,Richard Baker
8dac5a47-5177-43f6-91aa-015ac23d78ef,Jacob Richards
9f2309df-af85-4139-abfc-e1f0d68ae0bf,Stephanie Sherman
f7827c60-ba2c-4728-bfee-059933331801,Dawn Keller
fdaf5ab3-0f48-462a-8085-09ad3514e13b,Richard Lawrence
1bad9f72-0cd9-48d9-8f07-7dcee6158496,Derek Hunter
9f30ea8e-1bc3-4ca5-9fb9-5929ed3f95bd,Robert Anthony
3441aaf0-d6c2-4d11-87b6-b9a793f4a6db,Kathy Thompson
3652825f-4982-436d-a28a-10b13a7d5d58,Amanda Wolfe
7d805065-26c5-4621-9188-d761e7f78c84,Michelle Tran
6b320c29-6898-4d8b-b10b-f3efc93b7da0,Savannah Murphy
6d359e16-9257-45c5-b086-a7bea7409d90,Natalie Pearson
9c6ba0f6-c48e-45fd-af4e-be1750cbdfdb,Lisa Roberson
f1cff336-2abf-4077-8498-c546ba02d65e,Louis Davis
4640b2c5-a6ac-44d1-8f84-68b210db0ec7,Barry Mann
d3d95166-6184-4dd7-b6d0-e4a8af558774,David Donaldson
04ada763-147e-418c-a6d2-7ed49731846c,Benjamin Davis
85e85af2-8a2e-4577-a844-78a9b205ca25,Christopher Wilson
cb4c497f-c9fd-4881-b1e7-166bf719d125,William Clark
80a3b8b5-3d0a-45d8-89be-ca544853b0ca,Kaitlyn Taylor
5016ed0f-cc62-4220-b665-efdd5b7f3782,Brandi Jackson
ba494044-cc3e-4de0-b680-c01c260e07c3,Sally Olson
9b741c69-4ada-4838-baf0-54f121d2e97a,Denise Stone
b9cea1f2-8c5e-4cc2-9cab-3b1b8f621932,Paul Gardner
a6b514a3-f83c-4d39-85d9-c8b4fda804fd,Thomas Burnett
f1929402-4714-447f-bd20-1f4a6b4880df,Ashley Le
2546d232-5e25-4b33-bda8-334b2f63a7b0,Shane Barber
9af92908-595c-4852-a590-f3abeeb65eb7,Jordan Mayer
1230aedc-3a0f-40c6-adc9-917c4b42d84c,Miranda Myers
5195c1ba-f8be-4fe0-911e-5c1b625c0a92,Cheryl Howard
b6e55937-f724-4895-8701-2912046260ba,Madison Mann DVM
6e35b7e9-bc55-47bb-ab63-feb7093a63c8,Martin Greer
55df5415-d846-49e2-8584-20ed3e484e61,Donald Smith
76a941fe-8ca5-4ec7-8f6f-03fdf7780e48,Carrie Franklin
93c51b7f-5e9d-449f-926d-c224723c59ab,Sarah Smith
cafded3e-1ed7-49a4-b128-d2f72ed32eb1,Christine Miller
26d1d542-6a4b-4524-8025-a0f948dfe42e,Robert Dillon
e556f987-4fa4-4b93-ba6b-5d882e0b89df,Zoe Graham
ceb4e768-51e1-4ac1-94f1-de3482a5bc0a,Steven Atkins
d125600e-c0ad-44e2-9b69-385e692d921e,Alexa Marshall
983d49d4-fd3c-4111-bb77-9698c9df18c3,Jill Reynolds
41e66db2-65d8-4991-8870-b6854ba2216b,Jill Smith
a9e98011-2ec6-4be5-83eb-2423dafe0167,Anthony Dunn
7ca32bf4-2a31-4322-9832-c7fa550bb2f0,Maria Morgan
b5e06552-93c9-4f24-ad5d-a24da2b4e53a,Jeremiah Smith
4a5a1c86-efa1-4ab2-801b-6f6f160a1017,Evan Williams
d39795bc-dd76-4c35-a5b0-ecd742f0c035,Michael Gonzalez
87c2bc46-1671-4407-a199-156ae8cd824d,Roy Phelps
37d86da5-17ab-4b6b-b7ce-0c404d2e997d,Jessica Heath
f54f2808-69a4-4bd0-8a95-4b894417868c,Luis Francis
87c61694-fbd7-4a20-bc5a-888c4ca8bf28,Ryan Cain
435efa10-42ed-4889-8dfd-61be6fcf5fcf,Henry French
80466b52-4f91-4092-955f-abba90b8820c,Susan Hernandez
dabe9033-a178-44db-ae4d-2daa16ccb424,Daniel Monroe
19ccd8dd-ef29-47d8-ba8a-414e19da38a9,Erika Roy
5f7cf7d1-d413-460c-888f-9270e9a2095f,Daniel Greer
c9b7457d-c995-47d2-996c-f48b48bc626b,Andrea Jackson
c1531be9-deaa-4d21-b9c0-4c7815ff0f87,Justin Turner DVM
b1f724a8-eb79-47e6-9ac2-cbaeef77ad39,Jeffrey Boyd
be81bf0f-8b15-4207-baa5-f041b4ebfd62,Lauren Ward
5c430d95-415c-4846-b382-f39eed527187,Courtney Evans
8a899e7a-763f-4e0a-a7f6-873838d7b302,Hannah Benton
f1cd3cc4-2560-49f0-8f02-dca4bce6f9cb,Tracy Munoz
e0554d0b-1946-4fc3-91da-4f2d8afd03b1,John Perez
ec046899-c7c8-4a7a-bed5-5a869c09e8ff,Karen Pugh
e2395cd2-fa6a-463a-b9f2-3cadc4fe0049,Jonathan Lewis
9b858bc5-68be-41bb-90f4-3b215b9859a7,Nicholas Meyer
da1a6c35-92b2-46f4-b508-9c6e4898e0c1,Tiffany Turner
398a8c2a-0c17-43c5-86f5-54c668b831ee,Raymond Garcia
6417fc28-2eca-4973-a3ab-b6764e473ea3,Destiny Simmons
4fa1964a-b2c8-4f06-a0d4-78ff1c66b21a,Tricia Garcia
ddc77d45-00cb-4ec6-ba22-c7624c493bb3,James Brown
57001df1-bdf2-4b17-8130-29b4e03e2b14,Tracey Larson
563866c1-1090-4b0c-bae6-113b9cab52e5,Jessica Hernandez
cdf95104-063e-4143-9628-c835ecaa2fee,Brendan Atkins
809b6612-9fd9-405a-aabe-0bde533a490f,Joshua Gallagher
c8998864-7abb-47e6-8957-3b0a6e6c7b39,Katherine Martinez
06ba73f2-295d-4785-861f-bfb8f47bad7e,Melanie Roberson
2f01d9ab-007e-453a-96fa-54875a05e4a2,Vanessa Sanders
53705f65-266c-4a3b-aa78-80ca9d787ce2,Nicole Perez
8bee4024-a723-49df-9b4b-1ddc58900734,Joseph White
aa463624-ece9-4f6e-a98e-08dad230a839,John Williams
7b426970-bdc1-4765-9a6b-79eb04b1e5fa,Heather Ferguson
37e477af-8f57-4e16-868e-24f43130c5c8,Jason Johnson
7597a232-0201-494b-9b39-4eefe38fb79f,Joshua Ortiz
8c53b1a9-7fc0-471d-a87a-6f3306f26e93,Erica Scott DVM
eceef351-6ee6-433a-b343-e09325fc6187,Dale Ellis
511f3a19-9398-4e4a-8661-3450876840a6,Tiffany Armstrong
f2507920-6d7a-40bf-a893-0448225329d1,Diane Haney
68a708b5-5117-4121-96cc-5310c831ec07,Caitlyn Hill
7336cc68-1e44-4c69-9b0d-0004d681fa6f,Stephanie Adams MD
2556a308-04cb-48ec-91cd-be94ebabf3c6,Laurie Ortega
d9d76432-15c5-49f2-9f92-5e70c5fb5aeb,Gary Ellis
3d52134d-fc8e-4b66-804a-b6bce6d7e01f,Brian Bradford
a614e8d0-c574-470a-bb15-401923a02f8c,Taylor White
e1d2054d-37f2-460e-9be1-008667023003,Kathryn Mendoza
a5dde473-e156-4088-b914-256dda1eb09c,Cynthia Johnson
41d06f40-7d54-46b5-b9ed-e5dd83eb8089,Patricia Collins
9b774484-aa79-4de2-afc4-71a350c95dcc,Nicole Jackson
a1ab1585-3b3c-4182-9ab1-1292655b8374,Kevin Farmer
890aafdc-4d00-40fb-9309-cf65d1d1da2a,Brian Ford
7e8311fe-31cb-4e77-a084-d168e544cba6,Matthew Thomas
da673fbf-7084-4d5c-b0e4-6ab243632291,Cynthia Owens
359a2835-f2c3-4d00-8c26-9f30b93756a2,Ashley Roberts
927c71e5-6c8d-4d42-a786-1aa5651bdda1,Michael Rodriguez
b6c08772-cd79-4d98-8341-5cf38446eb5b,Brenda Kent
43cc00d7-871a-410f-82b0-dfb30d49c148,Ryan Watts
116bd49d-7f89-48f3-af61-426365becd25,Anita Pierce
92b48447-e6c2-414b-a0aa-02bdb8a6db81,Mary Smith
a618d70c-710c-4b61-9d80-275bcc46120f,Christina Johnson
9d7aa5db-4c11-46c1-926d-3982d2e5e64a,Joanna Hodges
7b44b68b-b13b-4230-a849-9bf48ef678a0,Ruben Bennett
aa59e243-2a5a-4af0-8b80-9e83d4998a5b,Sharon Evans
1c72aac4-f4e1-42af-8273-6e540cb76d56,Roy Young
7c3d0a8a-5fb5-4a2f-91bc-62ad5a3db221,Angela Smith
0012e832-0ede-403d-a993-2e1c477a24ca,Anthony Stout
550c6f01-8d68-4b43-8d2b-c80071cb7b59,George Ortiz
e24ebe5b-805f-498c-a108-c5a8effc7f99,Chris Graves
bacf333e-5fc9-470d-b565-85f1f35d2233,Erik Mason
cfd1b9bf-f3be-4c8e-bc12-7c4a9078a9a4,Teresa Ortiz
6cb980f6-8611-495a-a64d-f10c135f609d,James Thomas
8ceebe9f-ca14-4479-b478-7d015bbb074d,Michael Ball
c29144f3-665c-4595-9ef0-dad88c6e84e0,Stephen Robbins
e6d5f2f4-5fee-4b7e-9252-f23b7303fa4f,Amy Ford
94646ed5-2b1b-4774-81d7-c73a2232a2dc,Ronnie Anderson
e94e1cf2-daec-4aa4-abd0-dcabd6e22274,Jessica Valdez
1f261284-db1f-4ede-a3b0-e5e1a8d59fa1,Charlene Robinson
49f6a8d9-9dbd-48a8-a3b2-03d344047289,Susan Maxwell
92b6f557-a779-44cb-b674-0e08ed32abf5,Ryan Carpenter
ca5a4f5e-0c2d-462a-aa7e-4e0dc938d61b,Andrea Bentley
fb7dbfd3-5c11-428c-8118-90c83134777e,Traci Maddox
70510e49-dfc3-422e-9e41-e71e1c74d0cf,Matthew Schmidt
b217cb3a-095e-4c91-b84e-f63e096e2aba,Joy Peterson
2ab40444-2478-4fe1-b152-5c3b541562a5,Arthur Evans
923ea33d-6d5e-47bd-a9fe-7c944a446534,Leslie Cruz
f1fd15ee-b87c-4b01-99a4-b15ccdbd4cd0,Kyle Martin
8351146a-d58a-408e-bcbe-f7d2af604ad3,Barry Maxwell
b2b6f2e6-5101-4e6e-bb16-315398a32bb3,Amber Reed
f2c66174-2480-41f0-a280-f60134e55210,Michael Lyons
62273150-2cbd-45db-84eb-8f4556399ef5,Jean Rosales
4c8de297-0331-40b6-abb8-35f7a9270866,Tammy Watson
1bd5a445-e0e8-48f1-bac4-46585e46a256,Kristina Snow
e46f583a-1607-40b5-bc79-3863dbae37ff,Scott Young
3b5eec1a-b50b-4ba7-9636-6e136f39277f,Matthew Morgan
a4984699-9793-4782-8728-c926c7fd75ce,Paul Barr
6434b858-8c3f-49e3-b30c-1bf7d226bb68,Stacie Cook
297c635b-1eab-4c5d-8e3e-d8e954be33b5,Robert Patel
49ea8c6e-7eb7-4e4e-861f-4ac8b6849328,Chase Rogers
e08ff410-e280-4b5f-b0ab-f75fdedd8f92,Cheryl Patel
97fd777e-4e5e-453f-9b58-7f1137c0e6da,Audrey Marshall
b5542da0-462a-4173-917e-2dfdf580b64f,John Henderson
874391fa-6831-4d66-996c-29e5fe6d924b,Andrew Cohen
bb0b4a92-3f06-4882-b4c2-cb1fc3e4519f,Melissa Wolfe
be96bf3a-171f-4e45-afe9-8a7dac942112,Robert Allen
464d24c8-54ee-441c-98b4-3351c77af7c3,Faith Duncan
e4e4bb53-ecd2-4a9d-98ae-a4e8a5922b5c,Jerry Wilkins
63b640fd-b8cd-44b8-a0a1-23a65a3188b2,Ms. Mary Parsons MD
a445e3cc-80f3-4a70-bc44-30fb67edd8a0,Lisa Lewis
505e1e47-3f38-452d-8e99-c4f018d68a09,Jessica Thomas
5b66ef1b-4288-482e-8c43-975a4fc13450,Omar Reeves
b0681277-6f5e-4ff6-9feb-4a50ff1eab56,Daniel Stevenson
802537b2-ed82-48b4-a100-a1af851edc58,Keith Perez
289613f0-675a-4ec7-8b1b-3c6c84315313,Gregory Roy
f32db804-236e-455d-b888-9bc3c5fc079e,Edward Mclaughlin
f10ae6c7-ee37-41bf-8909-5270376754f8,Steven Escobar
b5a088d3-c6b6-4db1-9be9-0796ac966e94,Emily Butler
3964545a-6951-4772-8f88-9f6d8f646d63,Carmen Arnold
c538019d-2fbb-4d2b-b17a-2e1af1d3ccc4,Jessica Brown
bd4bd590-d8c5-437c-9c2c-6c930df1c8db,Alicia Finley
efb5d8b3-86f3-4ce6-91f6-85f4a63f9ecd,Jeffrey Cannon
ec64eecd-03b5-4877-a477-ce28873b157b,John White
a0b9e9ac-db87-4ca4-96be-44ee15e1aa1a,Brandon Parker
952be7b3-e603-4cb5-b841-5d9f680dfcca,Latoya Garza
8f25d938-5a56-4a54-9bfb-9978421f39fb,Justin Hunter
fd048a52-ad84-4a4a-813d-11b43e5dabf0,Abigail Wolf
e50d1d62-f1a7-441d-9623-c0f0f2f73415,Savannah Nguyen
1b246c2c-3f9a-4e23-83ce-7611072946cf,Ashley Miller
9cf753c6-8649-4d16-804c-3a095eccfaa3,Amanda Bates
f70188db-8d75-4f41-94c1-aaf793619ed6,Paula Mcdonald
e530cd45-61b0-4298-8def-80cfb8c7c6e7,Pamela Peterson
1d0f56df-c29b-4667-8a30-da9a7b7eebb3,Michelle Anderson
75d05ca1-84ad-4ac0-ae83-7ad35fd61ad7,Jack Huynh
2dec5182-6b0d-4505-8236-37ec9030636f,Robert Robinson
1e98d86c-6d0d-4e45-bace-bbf02fd017d0,Meagan Robinson
1788ae0f-18bd-4da5-985a-4f0f455d2456,Kelsey Taylor
86b46fb6-4c64-413a-be83-b9036b9298b4,Gerald Figueroa
d7d8f1b8-7c9b-443a-a9de-60a74158c062,Eddie Brown
4fcb9a81-214d-45d0-9261-f2d6c8099746,Charles Oneill
12956402-6945-470b-ab7b-8846cdca2013,Jessica Bowman
9deaab4b-ae15-48b6-883e-49895f087e0a,David Oconnor
a379591b-d9dc-4e6a-9bcb-8da446576b3e,Karen Reynolds
2b2ecafc-ffd5-4abc-a45f-a691a28d784e,Ryan Garcia
79c92b30-e3eb-4360-b434-d2e08221da82,Danielle Anthony
300008c3-116b-43e8-8724-5768052e31a0,Barbara Ward
3f39063e-0597-4cbb-92e7-5a6289746746,Maria Rodriguez
cb81a132-2229-42b7-8c3b-98fd229d061f,Amanda Watts
3ec1bc8a-43b9-4b7e-a260-0547445c2244,Jeffrey Ball
f4dd143a-96a0-4c52-a5f3-fef7d4b481ae,Kelly Pearson
b3b54908-2731-42b0-aea6-3111dd83fa2f,Melanie Davis
a2a9f82e-b1ca-4283-8005-8c189ca79f1b,Patricia Johnson
198e6397-3b42-4b19-b14a-7f84d86a8451,Dana Moore
10f23300-244a-4d07-8b26-79c5aaaf21e8,Jacob Ingram
ca294afd-be72-4c98-8f91-a7c98038a94e,Kathryn Cox
201a1b2e-579c-4fed-bf35-ed4b04913001,Stephen Smith
44488338-6e56-4ce4-b114-06809b444b1b,Dominique Reed
c66e8a3d-c54b-4fae-91a4-22db6b7fea2a,Connor Jones
8eb1dc23-a43a-4260-9632-b008fbd24c3a,Jonathon Williams
0c3a7564-bb9c-484c-954e-56eac1d80e29,Dillon Coleman
42808c3d-0a41-4c7f-8ee3-4d3dd6c19d8a,Tammy Patel
c33ebaf8-a340-473d-a6bc-797354fdccde,Eric Mack
11f929af-9ac9-4e16-9dcd-e2e0ab699794,Mary Wright
d73f93ef-a69b-4bdb-8599-1b2c7afef773,Michele Allen
d4a1b1e7-e666-42d4-b207-cf86cf669083,Brittany Wells
0827b336-036c-442e-a5df-d17572626840,Cheryl Robinson
ef40c4a0-4b1c-48d6-af38-dade36e5a252,Emily Parker
0e93f6d1-ce29-44e9-97b3-72c7a390b6ce,Courtney Roberson
3b05887d-dd59-40c7-bacf-fbad51916465,Melissa Lopez
4d418599-f96d-4652-b1d8-27732a663405,John Long
4f9ee1cf-c5c4-4604-b31d-344e55fa58e8,Tracey Giles
2eae603c-ab36-4a05-912a-b2fdadbff111,Emily Dunlap
5395ccc1-aad1-491a-adcd-1448962d5ba1,Maria Macdonald
455fe23f-4f5f-4bbe-9126-839d453fb996,Michael Thomas
6b528a54-f020-4ef2-b596-f4aa1eef5c42,Terry Welch
a7deebad-e201-4100-9646-2928ed6b3743,Todd Bautista
3bfeabb5-c461-4a74-ac9e-9c2dc68b09f7,Calvin Strong
7d19cdca-1798-4f3b-81c0-cd7d56a16a58,Miguel Palmer
ec36b701-32b2-4a09-a5de-7149e6d34326,Sharon Sawyer
97a2f927-e0d9-48fe-ab39-9b87b93cf740,Traci Patel
d00641c0-39f9-4058-a6f7-0c5526058f51,Ashley Ross
b3adb592-2f6f-435b-85b8-3225f66658bb,Kimberly Johnson
343e0080-0ffa-41da-bd5b-1b334d0fcbcd,Ellen Crawford
d0a36bbb-9713-4b34-9e5b-cf2d9c2728b6,Bruce Henderson
06b70a30-c78d-4f13-8195-dcac49ae95e2,Ryan Jones
6b44e748-61ce-454c-9bf5-5c0c17f3beda,John Barton
586e5b92-4ad2-4d26-a952-7f437a4aa633,Evan Marshall
62dc1408-1405-4180-8307-3c38dc26a917,David Edwards
65331b10-3d4c-4e72-8620-472197679e8d,Michael Rodriguez
de43c968-4c67-4485-913a-c8135aaa7276,Sarah Porter
25c4d1f6-1698-4bcb-a59d-36a08945f819,Christine Gonzales
256d5fa8-9679-494e-81f3-1d0548e7e01d,Johnny Lynch
4bc05b47-81be-4011-995d-d10723278a10,Richard Martinez DVM
3cd32171-1c00-481e-8707-7916e7c99a6a,Daisy Rocha
cd9b0eb1-e976-4be9-9ca8-c33c823e0b05,Diana Rogers
18f0ab91-60da-4c41-ab62-0cd1e896476a,Erin Murphy
3506a125-7799-4919-931b-6c4daab493a2,Steven Wood
f042dc67-b083-43bb-bdd5-90150c3ac783,Krystal Mason
1c266446-5a6b-426b-8d06-e98b5830a3a3,Dorothy Arnold MD
e0b4573f-e723-4d6a-b99d-b623fb44b497,James Beck
bbedcd49-e9ca-4f73-80d8-7f6f33f1e938,Kristina Smith
d9e99e2e-05a2-4fad-84ec-9cee17364f65,Christopher Cain
d202fad7-54d5-4f57-b6c1-b37c6d14880c,Dennis Kane
5b4f961e-3bb9-4475-b6ab-b412f1314a65,David Freeman
6581e046-21e0-445d-8d11-3e98bec54da4,Ray Jacobs
10657a46-7b85-4bf7-96c0-af74aee3f460,Gina Smith
f9b9a1f4-999a-405b-b3a8-4c6d857d4f5f,Benjamin Turner
7eae1394-6f2a-492e-a153-75feeb77189b,David Alvarez
23d59269-fb55-4192-bc8c-a656a3b64577,David Baxter
bb5bd8fa-edfc-4884-aa00-ac5a44b6093a,Maria Adams
1d330508-65c8-404f-ba2d-3b5de1e57ffe,Kevin Hardy
ceb0a93e-d4af-4806-97f1-22ab41c0cf2b,Christopher Holmes
8a402b34-538f-4411-95b9-3a0a4f00bc4c,Kimberly Nunez
4238b328-1b06-487b-9efe-38498826dec1,Shaun Berry
9d3dae4d-6191-4e50-83fc-1b8bddf4f277,Mary Ruiz
b18129e6-257b-4be7-a638-2c7dd333ef1a,Jonathan Johnson
27b4ed4b-04f5-4744-beb9-f033503130e7,Thomas Peterson
495e5102-929e-4584-b007-8a89221f37de,Sabrina Brown
23a71f05-7f86-425d-a4a7-e6514239106e,Kyle Hart
4041775a-dc33-47dc-b7a5-5ad5f568678a,Joseph Robertson
2e86afd4-f2e1-4c8c-961e-63d1b5f62b00,Joshua Henderson
d7ff4fef-840c-4936-b281-a12503d3bd31,Emily Briggs
f56e851e-555d-47e9-9c4e-d3ab8ea01baf,Crystal Thompson
2d317ab5-e812-4bd6-bdc2-fdb824eea4ba,Diana Robinson
71314cea-85b8-4303-8ce9-c33a55591f88,Cody Perez
49ad1994-0248-4ae1-9834-262c91f23955,Jamie Howard
758628d7-7f4e-4d27-aa0f-f46c5625b9dd,Erika Mccarthy
cc17dde5-1f4d-4f71-8b84-e387f770c75b,Kyle Evans
7f4cee06-e9e7-45ea-8827-cd3ee7d6f9d5,Natasha Johnson
b928c644-9db2-443e-b92d-3474b0bc053c,Leah Caldwell
f8f01089-47fa-4b2e-9db2-86853682b711,Michael Jones
35bc506c-3e12-4bfe-904d-321434ec9b53,Misty Townsend
2462a9a8-4083-4270-bdc5-64b171eec70e,Dustin Reynolds
b4f729f8-7333-4776-aa17-1f496e13cdf6,Karina Thompson
d2cb0b24-2620-4304-aa02-7c56eff02c1e,Daniel Schneider
7181c8e2-d5e1-4368-9c29-1e14ede2d405,Veronica Farmer
99f1cf4a-62c0-401a-89d2-8675e83a4e80,George Farrell
825bd553-54c3-477d-926b-288c889125ba,Barbara Smith
c7887f52-74a0-47f8-9026-37e88873232c,Brent Shelton
cbc2a152-7910-402c-bca9-42e18b367e3d,Sarah Robertson
787afc11-32f4-40df-8603-1a55bfea1aa8,Mrs. Veronica Murphy
c4cf5062-484f-47f4-8e01-97861d30b99a,Kelsey Palmer
7a3c3db1-80e8-431b-bf0b-9a54fe3d60f9,Steven Robinson
e62663dd-8e53-41ff-b956-b2eed4d54707,Dwayne Gilbert
9fcf6eda-712f-4a7a-b206-0e076b1688bd,Jennifer Sheppard
2b8e9f94-6ab3-459f-b00d-f66d36ffb2da,Brent Barber
48744366-789b-4b4a-8e6b-dfa345efb60b,Alexandra Colon
1680294b-096a-4c09-a48a-7c2238a6f214,Jeffrey Foster
5d3eb3a5-a445-4779-9bf6-bcafe5b2815c,Christopher Williams
d8f12d9a-3d23-4cf1-b058-4670c184f5ee,Malik Cain
651a581b-fef5-43f0-b7bf-b402f4c349ab,Stephanie Campos
73129761-9e68-4db6-bdf1-e88d7ca89fcd,Jill Johnson
1a6cff06-53a4-44c5-ba69-f9d86db93bc0,Gregory Rush
ee3a8e52-ce28-45a4-885c-4165a5b40cba,Stephanie Thomas
3bc288f2-eec5-421f-afa4-eb99bc2a910b,John Collins
6c9b3ba3-55f6-4738-b984-89b1ae9166a8,Alexandra Chan
d09c4b58-318a-4d74-9712-42b73d3c6672,Chelsea Blackburn
f3515891-0c81-4d5c-9cc1-72d168ab870b,Jennifer Sanders
ef515c6a-227a-49cf-859d-bfd155ba8768,Catherine Krueger
4bbb4775-a77b-4e3d-bfbc-6dd45c75699d,Jeffrey Barry
327530d7-f56c-4156-a910-5a493fc5014c,Christian Young
fd164ed3-0ea9-462d-80f0-2d4a44e106cf,Victor Reese
e2cbb11d-f758-47ab-9fa4-1270a3dbe80b,John Nguyen
90415fb6-d6b7-4dee-9d32-2f86049dd48d,Paul May
3dccca41-2044-4e97-a36a-029e4ab50709,Ellen Henderson
38df5422-1e22-4567-a5ca-f4c6e7a273ed,Timothy Waller
7878755b-f20c-473e-aff9-ca2aa586c509,Sara Dominguez
2bea02ea-f40d-4205-8145-acfcb53f63c5,Nicole Curtis
7f7ed345-8547-4d7a-b805-ed1f9007302f,Kelly Lopez
deed5e6a-9baf-4a3f-8914-805e7d9e80eb,Leah Miller
19d47b9a-549e-4d97-aab7-726ec6d18509,Katie Ruiz
603066fc-4c59-4ba9-895e-2373b8284895,Paul Perez
ad37bb8d-496a-47fc-9be8-c9d44cc9fd15,Douglas Shelton
2aa9aff3-15b7-4038-a77c-1f6e2615ce75,Amanda Vance
fa3ffc96-5595-4fa3-9699-cbf954546bb2,Lori Rhodes
859f42ed-6419-4236-a0bd-c8cf3075f004,Rebecca Bradley
347f24db-1ec9-4889-8471-8e6a7bb86aae,Victoria Parker
c7057164-ccf2-44cb-81f4-5110357c64ad,Caitlin Vasquez
a3c03eee-d1a4-47be-8627-119168dea62b,Savannah Nelson
19ab65d0-85a9-40a7-a972-7f41a0f66790,Samantha Mills
c933e7e8-9782-4ad8-b23b-0723f25ffe91,Casey Estrada
6f8f461a-da02-49fd-9184-8c98c74adbbf,Pamela Rodriguez
52b70637-30f9-4e98-86c6-7142f4220fbe,Jacqueline Palmer
7e1ba744-20e7-46c6-8899-5b158b80d753,Jennifer Davis
a61f4e20-936d-4780-a4f3-4cf054036543,Diane Vazquez
4f5fdcb3-7d3f-4597-a0a2-4a8aa420b261,Lori Hall
907c503b-be3c-4f5c-947b-86d59c99e21a,Michelle Conner
c522ad62-31c9-485f-bc2e-1d13640f8203,John Lowe
4efe8714-3e71-4505-a3a3-e7e19984f077,Andrea Randall
1175fd9c-46d5-4d95-b0a1-23838c387566,Carrie Welch
1bff0211-91fd-4570-a7b5-ad2ca3cae9d2,Nicolas Kim
11a0feaf-6553-4019-bfef-7d547be46144,Jason Henderson
47ed79b5-bde0-478d-ba43-38a244373df2,Robert Oliver
ac9566d2-7c00-454f-abe5-674860f30b27,Don Valencia
192b2f38-863c-426c-b739-c0204a1773ed,Michelle Herring
4203df69-42f4-4467-8b6b-43bf5621aab8,Jason Jones DDS
aa83a927-2790-4901-b2a2-6470e8928679,Cheryl Wilson
217c7924-8b8e-4bd8-9dff-b6564908494f,James Graham
cdb0e8c4-7924-4109-9df6-b1adad86ed67,Chad Garcia
dba316b5-c6b1-4525-a6d3-af532efd0fa4,Natasha Johnston
f0dd1d06-4f44-4ebb-b10b-22c72145044d,Matthew Walker
b75b6cc9-9512-4cbb-8576-0c01d6a7d80c,Steven Huang
2985604c-f764-4d75-a1d6-24686a610ae7,Paul Grant
6968bb79-3228-4045-806f-01f6c8a07085,Charles Edwards
5edd51e7-e4a1-485f-93f1-70524c5d9d8e,Samantha Anthony
158f4567-0b92-474c-a0d5-8b135c519d59,Amanda Harper
09b6294a-07e8-4890-83e6-6405a31b7f7b,Sarah Ross
a303dad4-ee84-48e5-850b-ae934889d8fa,Allen Harrison
c7f57683-d7e7-431e-89b8-46e07b943dc3,Linda Thompson
9a2711d5-093a-4860-836c-5a743cdf9a3b,Holly Harvey
88bdc127-d13b-4462-981b-ec3d9ac9f9a3,Dustin Andrade
6217a7e5-5ebd-44b0-b367-83239a9d660a,Matthew Green
700b6fe3-2181-43dd-b8fd-72a20789604c,Mary Harrington
c4f33720-db15-4784-9c16-e4c8baa8125b,Reginald Smith
20629024-751b-4a1e-ac37-8d7fda1c28a9,Jay Cruz
7ba34213-4a7c-49c5-bb79-2917b9b6f392,Andrea Obrien
ec86698e-ce65-45ec-b4b9-79c863cff488,Melissa Allen
bd562de2-12dd-48e1-85e3-258da8b01246,Jacqueline Cuevas
46df50db-3d77-4e0e-b311-1e4729f10485,Rebecca Torres
8587de82-1050-4027-89e5-d4ace6abadcf,David Smith
5a6c32c3-49d6-46fd-a218-4a57d7837942,Daniel Chapman
240cb8ae-1077-4d72-b3c3-78d5e5242a83,Daniel Burton
90ed0c36-eb47-4ec3-b82d-757b4a44c7b3,Carlos Bass Jr.
f0757d69-4a2d-4a55-a7cc-4364471a5df1,Vanessa Gilmore
83ea0ee9-52f8-4812-b86a-e7f9c9b467ad,Robert Young
9b7dc9f9-5fe4-4607-9635-12788788b731,Jeremy Riggs
2a738f9b-4124-44a6-bed3-b1f18ca9eb9c,Nicholas Cohen
6c9ffe49-f43c-4d14-8ee0-2dbb0f4c5b46,Maria Fields
e629f709-a58d-4e14-8b65-632e768d66a2,Timothy Clark
cf15cd0b-2622-4a28-b54b-8b1d4e35070e,Anthony Rice
7b714497-304e-43b8-bb7a-b757d7b85405,Troy Hayden
52910c3d-8b13-4f7a-8d85-c9a0eb49e17c,Michael Dean
87246200-8cc3-4b62-92f6-eb751502a213,Carolyn Bishop
0c362613-e74b-426a-8125-21a787f62ddc,Marvin Kramer
2577ca1e-375e-4de9-abeb-ba98403cc4ae,Margaret Hart
59dff02b-fdab-4c22-923a-fd5d952c61b8,Sydney Eaton
02c1068a-bb74-4699-97de-af503b8a434c,Kyle Jones
72c00359-537e-4d9d-af3c-7def31ae179f,Gloria Huynh
b32cfe48-5357-43d0-9708-8efbf82bb610,Donald Robertson
43e792f7-88eb-486c-9f36-2c017d22c9c6,Gregory Rodgers
ad9ec6e5-4ce7-432c-bb5c-7bdb16b50078,Bonnie Jones
b368e7ac-c1b7-4fb0-9b3b-8174c6c9df5a,Marc West
a0b7acdd-de5a-4645-8ee6-13cc6140d028,Jennifer Stevens
fb8c7c98-80ab-4b19-964f-8cfa594a90af,Joseph Smith
013e7829-7307-4666-a6fe-31b91225a2b7,Richard Goodman
45045356-ff2c-4a94-b04e-b467a3c2a98f,Nathan Webb
c5b3e0ff-e696-425e-b406-4b9c4959bc83,Anthony Murillo
2fbaa4a9-2449-4405-87d6-a14a93d43dbb,Christine Waller
5e84b84d-c850-473d-98c4-ba8ce3190335,Carol Christensen
e3cba544-e609-4424-ace9-53861071e19d,Tony Mendoza
0d2c9645-4683-46e9-867e-ef64073f6a82,Hannah Davis
a0367e44-5bc6-486c-bb73-cb0c27d9de18,Brittany Turner
84528ca4-d24c-4f15-900c-5a22057ef2e1,Lisa Pierce
6c68e8ad-1390-4945-968d-ca12cbfe4e86,Amy Charles
c7aaba66-07e7-4ddd-8b77-9ba318fb189a,Michael Baxter
f35fa7a8-9236-4f05-9de7-2f58ca539f54,Annette Oliver
f1472406-300f-48af-8b3c-f31fc836fc50,Shirley Kim
bb015b23-f540-4225-ad91-a86abf48e9c2,Sabrina Black
ae26b1aa-7907-4a35-a82a-4154829dad7b,Melissa Webb
2dcdbddf-7d93-49a3-ad0b-14d1e8f2e70f,Hannah Anderson MD
c42c5751-5c3d-4b05-9fb5-dc9e1a9a70ae,Megan Faulkner
a3baed44-536d-4937-8063-ae596e94c8c4,David Foster
f0cba9a8-23dc-4b95-9eb1-05aaa3d58185,Elizabeth Lynch MD
8f1e0f3c-9bad-48db-a270-e566a019f7d7,Brett Santiago
f64f3e45-171d-4053-9561-ffce9595dc29,Elizabeth David
d00fa1d3-de5a-4a54-b5e8-c4efeb029da3,Lee Hill
5f371967-0367-4c3b-a3ff-46c27f2d4bc6,Victoria Villarreal
c4508be1-0b06-4d87-bd29-c8ce4de5ad59,Rachael Stafford
698d44a7-32c6-40aa-a2f8-e6bfd711a369,Keith Phillips
f318b43e-684a-4540-bcb7-a89339c339c4,Derrick Smith
5a457cd7-d6f1-4243-b967-390987594a02,Angela Robinson
e20692ec-c460-458c-a633-ce27f8b8a71b,Brandon Lopez
97783a51-f77c-4d85-a51e-9befe760a6cc,Michael Schultz
816c3c8c-84e2-42e7-a6c5-f24545387adc,Michelle Wiggins
0ae64c32-4ab8-4dec-9e0d-ebccf964fe91,Dr. Ryan Wright
17efda56-d224-4333-9727-e11f33223224,Allison Clark
03a0fe16-9e88-45aa-af1e-42ff5ca5905f,Thomas Valencia
c9f12935-058c-4988-a672-5668154713de,Teresa Williams
